Workbook

Sheet Asignaciones
A1: Id Local* | B1: Id Elemento* | C1: Nombre Local | D1: Nombre Elemento
A2: 100 | B2: 567 | C2: =IFERROR(_xlfn.XLOOKUP(VALUE(A2),Locales!$A$2:$A$723,Locales!$B$2:$B$723),"No encontrado") -> 8633992 FLAVIO RICARDO SOBARZO FRIZ-SUPER 8_FLAVIO RICARDO SOBARZO FRIZ_ PARRAL | D2: =IFERROR(_xlfn.XLOOKUP(VALUE(B2),Elementos!$A$2:$A$808,Elementos!$B$2:$B$808),"No encontrado") -> JUREL MED NAT SJ 24X425 (240)
A3: 100 | B3: 787 | C3: =IFERROR(_xlfn.XLOOKUP(VALUE(A3),Locales!$A$2:$A$723,Locales!$B$2:$B$723),"No encontrado") -> 8633992 FLAVIO RICARDO SOBARZO FRIZ-SUPER 8_FLAVIO RICARDO SOBARZO FRIZ_ PARRAL | D3: =IFERROR(_xlfn.XLOOKUP(VALUE(B3),Elementos!$A$2:$A$808,Elementos!$B$2:$B$808),"No encontrado") -> JUREL LOMO NAT SJ 48X160GR
A4: 100 | B4: 788 | C4: =IFERROR(_xlfn.XLOOKUP(VALUE(A4),Locales!$A$2:$A$723,Locales!$B$2:$B$723),"No encontrado") -> 8633992 FLAVIO RICARDO SOBARZO FRIZ-SUPER 8_FLAVIO RICARDO SOBARZO FRIZ_ PARRAL | D4: =IFERROR(_xlfn.XLOOKUP(VALUE(B4),Elementos!$A$2:$A$808,Elementos!$B$2:$B$808),"No encontrado") -> JUREL LOMO ACTE SJ 48X160GR
A5: 100 | B5: 789 | C5: =IFERROR(_xlfn.XLOOKUP(VALUE(A5),Locales!$A$2:$A$723,Locales!$B$2:$B$723),"No encontrado") -> 8633992 FLAVIO RICARDO SOBARZO FRIZ-SUPER 8_FLAVIO RICARDO SOBARZO FRIZ_ PARRAL | D5: =IFERROR(_xlfn.XLOOKUP(VALUE(B5),Elementos!$A$2:$A$808,Elementos!$B$2:$B$808),"No encontrado") -> JUREL LOMO AHUMADO SJ 48X160GR
A6: 100 | B6: 775 | C6: =IFERROR(_xlfn.XLOOKUP(VALUE(A6),Locales!$A$2:$A$723,Locales!$B$2:$B$723),"No encontrado") -> 8633992 FLAVIO RICARDO SOBARZO FRIZ-SUPER 8_FLAVIO RICARDO SOBARZO FRIZ_ PARRAL | D6: =IFERROR(_xlfn.XLOOKUP(VALUE(B6),Elementos!$A$2:$A$808,Elementos!$B$2:$B$808),"No encontrado") -> CHORITO ENTERO NAT SJ 48X190
A7: 100 | B7: 776 | C7: =IFERROR(_xlfn.XLOOKUP(VALUE(A7),Locales!$A$2:$A$723,Locales!$B$2:$B$723),"No encontrado") -> 8633992 FLAVIO RICARDO SOBARZO FRIZ-SUPER 8_FLAVIO RICARDO SOBARZO FRIZ_ PARRAL | D7: =IFERROR(_xlfn.XLOOKUP(VALUE(B7),Elementos!$A$2:$A$808,Elementos!$B$2:$B$808),"No encontrado") -> CHORITO ENTERO ACTE SJ 48X190
A8: 100 | B8: 780 | C8: =IFERROR(_xlfn.XLOOKUP(VALUE(A8),Locales!$A$2:$A$723,Locales!$B$2:$B$723),"No encontrado") -> 8633992 FLAVIO RICARDO SOBARZO FRIZ-SUPER 8_FLAVIO RICARDO SOBARZO FRIZ_ PARRAL | D8: =IFERROR(_xlfn.XLOOKUP(VALUE(B8),Elementos!$A$2:$A$808,Elementos!$B$2:$B$808),"No encontrado") -> CHORITO ENTERO BAJOSOD SJ 48X190
A9: 100 | B9: 777 | C9: =IFERROR(_xlfn.XLOOKUP(VALUE(A9),Locales!$A$2:$A$723,Locales!$B$2:$B$723),"No encontrado") -> 8633992 FLAVIO RICARDO SOBARZO FRIZ-SUPER 8_FLAVIO RICARDO SOBARZO FRIZ_ PARRAL | D9: =IFERROR(_xlfn.XLOOKUP(VALUE(B9),Elementos!$A$2:$A$808,Elementos!$B$2:$B$808),"No encontrado") -> CHORITO ENTERO NAT SJ 24X425
A10: 100 | B10: 778 | C10: =IFERROR(_xlfn.XLOOKUP(VALUE(A10),Locales!$A$2:$A$723,Locales!$B$2:$B$723),"No encontrado") -> 8633992 FLAVIO RICARDO SOBARZO FRIZ-SUPER 8_FLAVIO RICARDO SOBARZO FRIZ_ PARRAL | D10: =IFERROR(_xlfn.XLOOKUP(VALUE(B10),Elementos!$A$2:$A$808,Elementos!$B$2:$B$808),"No encontrado") -> CHORITO ENTERO ACTE SJ 24X425
A11: 100 | B11: 404 | C11: =IFERROR(_xlfn.XLOOKUP(VALUE(A11),Locales!$A$2:$A$723,Locales!$B$2:$B$723),"No encontrado") -> 8633992 FLAVIO RICARDO SOBARZO FRIZ-SUPER 8_FLAVIO RICARDO SOBARZO FRIZ_ PARRAL | D11: =IFERROR(_xlfn.XLOOKUP(VALUE(B11),Elementos!$A$2:$A$808,Elementos!$B$2:$B$808),"No encontrado") -> CHOLGAS EN ACEITE SAN JOSE 100 GR DR
A12: 100 | B12: 405 | C12: =IFERROR(_xlfn.XLOOKUP(VALUE(A12),Locales!$A$2:$A$723,Locales!$B$2:$B$723),"No encontrado") -> 8633992 FLAVIO RICARDO SOBARZO FRIZ-SUPER 8_FLAVIO RICARDO SOBARZO FRIZ_ PARRAL | D12: =IFERROR(_xlfn.XLOOKUP(VALUE(B12),Elementos!$A$2:$A$808,Elementos!$B$2:$B$808),"No encontrado") -> CHOLGAS NATURAL SAN JOSE 110 GR DR
A13: 100 | B13: 662 | C13: =IFERROR(_xlfn.XLOOKUP(VALUE(A13),Locales!$A$2:$A$723,Locales!$B$2:$B$723),"No encontrado") -> 8633992 FLAVIO RICARDO SOBARZO FRIZ-SUPER 8_FLAVIO RICARDO SOBARZO FRIZ_ PARRAL | D13: =IFERROR(_xlfn.XLOOKUP(VALUE(B13),Elementos!$A$2:$A$808,Elementos!$B$2:$B$808),"No encontrado") -> MARISCOS SURT NAT SJ ML X48
... A6780: 96 | B6780: 791 | C6780: =IFERROR(_xlfn.XLOOKUP(VALUE(A6780),Locales!$A$2:$A$723,Locales!$B$2:$B$723),"No encontrado") -> 76727062 LA GANGA LINARES-LA GANGA _JANUARIO ESPINOZA 848 - LINARES | D6780: =IFERROR(_xlfn.XLOOKUP(VALUE(B6780),Elementos!$A$2:$A$808,Elementos!$B$2:$B$808),"No encontrado") -> ATUN LOM NAT SJ 48X140

Sheet Locales
A1: Id Local | B1: Nombre Local
A2: 0 | B2: Todos los locales
A3: 847 | B3: J868 JUMBO APOQUINDO AV. APOQUINDO 5421 LAS CONDES
A4: 846 | B4: N542 SANTA ISABEL PLAZA VIÑA (L.542 )
A5: 844 | B5: N856 SANTA ISABEL RAHUE LA MISION 2585 OSORNO
A6: 843 | B6: 0910 HIPER LIDER - CAMINO LA FARFANA 1400, MAIPU
A7: 842 | B7: 647 LIDER EXPRESS - RUTA F-30 E LOTE R-1, PUCHUNCAVÍ
A8: 841 | B8: 220 TOTTUS - RUTA F-30-E CON ISIDRO GAETE, PUCHUNCAVÍ
A9: 840 | B9: 0624 UNIMARC - AVDA PRESIDENTE RIOS 672, PUCHUNCAVÍ
A10: 839 | B10: 125 TOTTUS - CENTRAL 12400, CHAMISERO
A11: 838 | B11: 131 TOTTUS - AV. CHICUREO 7100, COLINA PIEDRA ROJA
A12: 837 | B12: 110 TOTTUS - AVDA CONCEPCION 47, COLINA CENTRO
A13: 836 | B13: N857 SANTA ISABEL - CAMINO 2° FAJA AL VOLCÁN #205, LOCAL 8, VILLARRICA
... A723: 1 | B723: CASA MATRIZ GRUPOPROGESTION

Sheet Elementos
A1: Id Elemento | B1: Nombre Elemento | C1: Categoria | D1: Marca | E1: Cod_SKU
A2: 868 | B2: GRANOLA UNDER FIVE CACAO CRUNCH C9 300GR | C2: Categorías Snack Dulce | E2: 930202882
A3: 867 | B3: GRANOLA UNDER FIVE ALMENDRAC9 300GR | C3: Categorías Snack Dulce | E3: 930202881
A4: 866 | B4: CHIPS DE MANZANA FLIP 30X30GR 12M | C4: Categorías Snack Flip | D4: Categorías Snack Flip | E4: 930202738
A5: 865 | B5: CHIPS PAPA BARBECUE FLIP 12X140GR 12M | C5: Categorías Snack Flip | D5: Categorías Snack Flip | E5: 930202696
A6: 864 | B6: CHIPS PAPA MERKEN FLIP 12X140GR 12M | C6: Categorías Snack Flip | D6: Categorías Snack Flip | E6: 930202687
A7: 863 | B7: CHIPS PAPA AJO/ALBAHACA 12X140GR 12M | C7: Categorías Snack Flip | D7: Categorías Snack Flip | E7: 930202686
A8: 862 | B8: CHIPS PAPA SAL DE MAR FLIP 12X140GR 12M | C8: Categorías Snack Flip | D8: Categorías Snack Flip | E8: 930202685
A9: 861 | B9: BALLS UF COFFEE C50 60GR | C9: Tradicional | D9: Carteleria | E9: 930202716
A10: 860 | B10: BALLS UF COCO C50 60GR | C10: Tradicional | D10: Carteleria | E10: 930202715
A11: 859 | B11: BALLS UF CACAO C50 60GR | C11: Tradicional | D11: Carteleria | E11: 930202714
A12: 858 | B12: BALLS UF ALMENDRA/CRUNCH C50 60GR | C12: Tradicional | D12: Carteleria | E12: 930202713
A13: 857 | B13: ALMEJA AL NATURAL 180 GRS SAN JOSÉ 180 GRS | C13: Tradicional | D13: Carteleria | E13: 930101655
A14: 856 | B14: LATA ATOM FRUIT LIMÓN MENT JENG 12X250ML | C14: Tradicional | D14: Carteleria | E14: 930202723
A15: 855 | B15: LATA ATOM FRUIT MANGO 12X250ML | C15: Tradicional | D15: Carteleria | E15: 930202722
... A33: 837 | B33: BARRA UF CACAO/MANÍ D5 C20 225GR | C33: Tradicional | D33: Carteleria | E33: 930202703
A34: 836 | B34: ISLA-ATÚN LOMOS SJ ( NAT-ACEITE) | C34: AC
A35: 835 | B35: CABECERAS-ATÚN LOMOS SJ ( NAT-ACEITE) | C35: AC
A36: 834 | B36: CHIPS FLIP NATIVAS 12X140GRS 12M | C36: FLIP | D36: FLIP | E36: 930202672
A37: 833 | B37: PACK COLACIÓN FLIP 5UNI 30GRS | C37: FLIP | D37: FLIP | E37: 930202666
A38: 832 | B38: PAYLOADER-ATÚN LOMOS SJ ( NAT-ACEITE) | C38: AC
A39: 831 | B39: ISLA/CABECERA-JUREL ED LIMITADA NAT SJ 24X425 260GR. | C39: AC
A40: 830 | B40: CHIPS MIX CAM/ZAN/MANZ FLIP 12X140GR 12M | C40: FLIP | D40: FLIP | E40: 930202692
A41: 829 | B41: CHIPS MIX MANZ ROJA/MANZ VERDE 140GR 12M | C41: FLIP | D41: FLIP | E41: 930202693
A42: 828 | B42: CHIPS MIX PAPA/CAM/ZAN/BETA 12X140GR 12_M | C42: FLIP | D42: FLIP | E42: 930202684
A43: 827 | B43: CHIPS MIX CAM/BETA FLIP 12X140GR 12M | C43: FLIP | D43: FLIP | E43: 930202691
A44: 826 | B44: CABECERA|JUREL NAT.SAN JOSE TALL EASYOPEN NAC. | C44: AC
A45: 825 | B45: ISLA|JUREL NAT.SAN JOSE TALL EASYOPEN NAC. | C45: AC
A46: 824 | B46: ISLA|JUREL NATURAL IN&OUT SJ | C46: AC
A47: 823 | B47: CABECERA|JUREL NATURAL IN&OUT SJ | C47: AC
A48: 822 | B48: CABECERA MIXTA|JUREL NATURAL IN&OUT SJ | C48: AC
A49: 821 | B49: ISLA|LOMOS DE JUREL SJ | C49: AC
A50: 820 | B50: MERLUZA FILETE CONG ONICE SJ 10X500 | C50: SAN JOSÉ | D50: SAN JOSÉ | E50: 930202958
A51: 819 | B51: CHIPS PAPA SAL DE MAR FLIP 12X140GR | C51: FLIP | D51: FLIP | E51: 930202184
A52: 818 | B52: CHIPS MIX PAPA/CAM/ZAN/BET FLIP 30 GR | C52: FLIP | D52: FLIP | E52: 930202214
A53: 817 | B53: CHIPS PAPA MERKEN FLIP 30 GR | C53: FLIP | D53: FLIP | E53: 930202213
A54: 816 | B54: CHIPS PAPA SAL DE MAR FLIP 30 GR | C54: FLIP | D54: FLIP | E54: 930202212
A55: 815 | B55: CHIPS MIX PAPA/CAMOTE/ZANAHORIA/BETARRAG | C55: FLIP | D55: FLIP | E55: 930202187
A56: 814 | B56: ATUN LOM ACT SJ 48X160 | C56: SAN JOSÉ | D56: SAN JOSÉ | E56: 930200637
A57: 813 | B57: ATUN LOM NAT SJ 48X160 | C57: SAN JOSÉ | D57: SAN JOSÉ | E57: 930200636
A58: 812 | B58: JUREL LOMO AHUM SAN JOSE LITO 48X160 | C58: SAN JOSE | D58: SAN JOSE | E58: 930202464
A59: 811 | B59: JUREL LOMO ACTE MAR SAN JOSE LITO 48X160 | C59: SAN JOSE | D59: SAN JOSE | E59: 930202463
A60: 810 | B60: JUREL LOMO NAT SAN JOSE LITO 48X160 | C60: SAN JOSE | D60: SAN JOSE | E60: 930202462
A61: 809 | B61: JUREL AL NATURAL SAN JOSE 425 GR | C61: SAN JOSE | D61: SAN JOSE | E61: 930100847
... A164: 706 | B164: JUREL TROZ NAT ATL TALL X24 | C164: Jurel | D164: Atlas | E164: 930100605
A165: 705 | B165: PACK SALSA TOMATE GENTIL | C165: Salsa de Tomate | D165: Gentil
A166: 704 | B166: CABECERA DE: JUREL SAN JOSE 300 GR DR. | C166: Cabecera | D166: Exhibiciones Pactadas V3 | E166: Cabecera|930100847
A167: 703 | B167: CABECERA MIXTA O ISLA DE: LOMOS DE JUREL SJ AGUA-ACEITE-AHUMADO-MEDALLON JUREL NAT | C167: Cabecera Mixta-Isla | D167: Exhibiciones Pactadas V3 | E167: Cabecera Mixta-Isla|930101626 - 930101627 - 930101628 - 930101437
A168: 702 | B168: CABECERA DE: MEDALLON JUREL NAT | C168: Cabecera | D168: Exhibiciones Pactadas V3 | E168: Cabecera|930101437
A169: 701 | B169: ISLA DE: MEDALLON JUREL NAT | C169: Isla | D169: Exhibiciones Pactadas V3 | E169: Isla|930101437
A170: 700 | B170: CABECERA MIXTA DE: CHORITOS NATURAL SAN JOSE 100 GR DR. | C170: Cabecera Mixta | D170: Exhibiciones Pactadas V3 | E170: Cabecera Mixta|930201732
A171: 699 | B171: ISLA O MURAL O CABECERA DE: JUREL SAN JOSE 300 GR DR. | C171: Isla-Mural-Cabecera | D171: Exhibiciones Pactadas V3 | E171: Isla-Mural-Cabecera|930100847
A172: 698 | B172: CABECERA MIXTA DE: LOMOS DE JUREL SJ AGUA-ACEITE-AHUMADO | C172: Cabecera Mixta | D172: Exhibiciones Pactadas V3 | E172: Cabecera Mixta|930101626 - 930101627 - 930101628
A173: 697 | B173: MURO O CABECERA MIXTA DE: LOMOS DE JUREL SJ AGUA-ACEITE-AHUMADO | C173: Muro-Cabecera Mixta | D173: Exhibiciones Pactadas V3 | E173: Muro-Cabecera Mixta|930101626 - 930101627 - 930101628
A174: 696 | B174: ISLA DE: JUREL AL NATURAL SAN JOSE 425 GR. | C174: Isla | D174: Exhibiciones Pactadas V3 | E174: Isla|930100847
A175: 695 | B175: CABECERA DE: JUREL AL NATURAL SAN JOSE 425 GR. | C175: Cabecera | D175: Exhibiciones Pactadas V3 | E175: Cabecera|930100847
A176: 694 | B176: CABECERA DE: JUREL NATURAL 425 GR SJ | C176: Cabecera | D176: Exhibiciones Pactadas V3 | E176: Cabecera|930100847
A177: 693 | B177: ISLA DE: LOMOS DE JUREL SJ AGUA-ACEITE-AHUMADO | C177: Isla | D177: Exhibiciones Pactadas V3 | E177: Isla|930101626 - 930101627 - 930101628
... A192: 678 | B192: ISLA DE: JUREL NATURAL IN&OUT 240G | C192: Isla | D192: Exhibiciones Pactadas V3 | E192: Isla|930202384
A193: 677 | B193: MEDIA CABECERA | C193: Exhibición
A194: 676 | B194: ATUN LOM NAT SJ 48X160 - ATUN LOM ACEITE SJ 48X160 | C194: Atún | D194: San José | E194: 930200636 - 930200637
A195: 675 | B195: JUREL LOMO AHUM SAN JOSE LITO 48X160 | C195: Jurel | D195: San José | E195: 930202464
A196: 674 | B196: JUREL LOMO ACTE MAR SAN JOSE LITO 48X160 | C196: Jurel | D196: San José | E196: 930202463
A197: 673 | B197: JUREL LOMO NAT SAN JOSE LITO 48X160 | C197: Jurel | D197: San José | E197: 930202462
A198: 672 | B198: JUREL HAMB CONG SJ C28 B100G | C198: Jurel | D198: San Jose | E198: 930202477
A199: 671 | B199: CABECERA-ISLA | C199: Nutrisco | D199: Acuerdo Comercial
A200: 670 | B200: ISLA/MURAL/CABECERA | C200: Nutrisco | D200: Acuerdo Comercial
A201: 669 | B201: CHIPS MIX MANZ ROJA/MANZ VERDE 140GR 12M | C201: Snack | E201: 930202403
A202: 668 | B202: CHIPS MIX CAM/ZAN/MANZ FLIP 12X140GR 12M | C202: Snack | E202: 930202402
A203: 667 | B203: CHIPS MIX CAM/BETA FLIP 12X140GR 12M | C203: Snack | E203: 930202401
A204: 666 | B204: GENTIL1
A205: 665 | B205: RECETA DEL ABUELO | C205: Pizzas Congeladas | D205: Levantamiento de Precios - [Elaborados] | E205: .
A206: 664 | B206: PF | C206: Pizzas Congeladas | D206: Levantamiento de Precios - [Elaborados] | E206: .
A207: 663 | B207: JUREL SAN JOSE 260G DR. EDICIÓN LIMITADA | C207: Jurel | D207: San Jose | E207: 930202486
A208: 662 | B208: MARISCOS SURT NAT SJ ML X48 | C208: Nutrisco | D208: Carteleria | E208: 930201697
A209: 661 | B209: GLACEADO BC VAINI/ C8 453GR | C209: Nutrisco | D209: Carteleria | E209: 930200454
A210: 660 | B210: GLACEADO BC CHOCO/ C8 453GR | C210: Nutrisco | D210: Carteleria | E210: 930200453
A211: 659 | B211: JUREL FIL CONG ONICE(24) SJ 10X500 | C211: Nutrisco | D211: Carteleria | E211: 930202942
A212: 658 | B212: CHIPS PAPA CIBOULETTE FLIP 12X140GR | C212: Snack | D212: Flip | E212: 930202407
A213: 657 | B213: CHIPS PAPA BARBECUE FLIP 12X140GR | C213: Snack | D213: Flip | E213: 930202406
A214: 656 | B214: PAYLOADER | C214: Nutrisco | D214: . | E214: .
A215: 655 | B215: MINI CABECERA | C215: Nutrisco | D215: . | E215: .
A216: 654 | B216: ESPACIO ADICIONAL | C216: Nutrisco | D216: . | E216: .
... A219: 651 | B219: PINTA HD MACARON DOUB.CHOC.GNCH C8 420ML | C219: Nutrisco | D219: Carteleria | E219: 930202084
A220: 650 | B220: CHORITOS AL NATURAL Y EN ACEITE SAN JOSE 200 GR DR | C220: Nutrisco | D220: Carteleroa
A221: 649 | B221: LOMOS DE JUREL SJ AGUA-ACEITE-AHUMADO-MEDALLON JUREL NAT | C221: Nutrisco | D221: Acuerdo Comercial
A222: 648 | B222: LOMOS DE JUREL SJ AGUA-ACEITE-AHUMADO | C222: Nutrisco | D222: Acuerdo Comercial
A223: 647 | B223: TORTILLAS BURRITOS OLD EL PASO 8 UN | C223: Nutrisco | D223: Carteleria
A224: 646 | B224: PAILA MARINA ACEITE SAN JOSE 425 GR | C224: Nutrisco | D224: Carteleria
A225: 645 | B225: BARRITA PROT SALTED CAR NAT VAL 201GR | C225: Nutrisco | D225: Carteleria
A226: 644 | B226: SURTIDO DE MARISCOS 190 GR. SAN JOSE | C226: Nutrisco | D226: Carteleria
A227: 643 | B227: CHOLGAS NATURAL 190 GRS. SAN JOSE | C227: Nutrisco | D227: Carteleria
A228: 642 | B228: CHOLGAS EN ACEITE 190 GRS. SAN JOSE | C228: Nutrisco | D228: Carteleria
A229: 641 | B229: HELADO HAGEN DAZS 473 M. CHOCOLATE BELGA | C229: Nutrisco | D229: Carteleria
A230: 640 | B230: BARRITA CEREAL PROT CHOC NATUR VAL 201GR | C230: Nutrisco | D230: Carteleria
A231: 639 | B231: ATUN NATURAL SAN JOSE 160 GR | C231: Nutrisco | D231: Carteleria
... A245: 625 | B245: LOMO JUREL ACEITE SAN JOSE 160 GR | C245: Nutrisco | D245: Carteleria
A246: 624 | B246: CONSERVAS ALMEJAS SAN JOSE 425 GR GR | C246: Almejas | D246: San Jose | E246: 930202949
A247: 623 | B247: CHOLGA SAN JOSE 190 GR. ACEITE | C247: Nutrisco | D247: Carteleria
A248: 622 | B248: PREMEZCLA TORTA ROJA BETTY CROCKER 375G | C248: Nutrisco | D248: Carteleria
...
